[{"model": "sessions.session", "pk": "ittx7m0lcf4q57wxri48abi74oj03grz", "fields": {"session_data": ".eJxVjMsKwjAQAP9lzxKypHn16N1vCLt5mKok0LQn8d-l0INeZ4Z5Q6B9q2EfeQ1LghkQLr-MKT5zO0R6ULt3EXvb1oXFkYjTDnHrKb-uZ_s3qDQqzODZs5tcStKZbLU1VKiUSRZymqzKrNh4ExGNJY-xWGRU2kWrpYwOC3y-8I835Q:1vvtAw:Ki7V1QoEStuOQKf3_Dxv-K1bfqbVqRNtyx4RwQIwYBA", "expire_date": "2026-03-13T08:26:18.094Z"}}, {"model": "hierarchy.office", "pk": 1, "fields": {"name": "DoNIDCR Central Office", "level": "CENTRAL", "parent_office": null, "location_code": "NPL-CENTRAL-001"}}, {"model": "hierarchy.office", "pk": 2, "fields": {"name": "Province 1 Office", "level": "PROVINCIAL", "parent_office": 1, "location_code": "NPL-P1-001"}}, {"model": "hierarchy.office", "pk": 3, "fields": {"name": "Province 2 Office", "level": "PROVINCIAL", "parent_office": 1, "location_code": "NPL-P2-001"}}, {"model": "hierarchy.office", "pk": 4, "fields": {"name": "Kathmandu Metropolitan Office", "level": "LOCAL", "parent_office": 2, "location_code": "NPL-L1-001"}}, {"model": "hierarchy.office", "pk": 5, "fields": {"name": "Lalitpur Metropolitan Office", "level": "LOCAL", "parent_office": 2, "location_code": "NPL-L1-002"}}, {"model": "hierarchy.office", "pk": 6, "fields": {"name": "Ward 1 Registration Point", "level": "WARD", "parent_office": 4, "location_code": "NPL-W1-001"}}, {"model": "hierarchy.office", "pk": 7, "fields": {"name": "Ward 2 Registration Point", "level": "WARD", "parent_office": 4, "location_code": "NPL-W1-002"}}, {"model": "catalog.category", "pk": 1, "fields": {"name": "string", "is_consumable": true}}, {"model": "catalog.category", "pk": 2, "fields": {"name": "Laptop", "is_consumable": false}}, {"model": "catalog.category", "pk": 3, "fields": {"name": "Desktop", "is_consumable": false}}, {"model": "catalog.category", "pk": 4, "fields": {"name": "Printer", "is_consumable": false}}, {"model": "catalog.category", "pk": 5, "fields": {"name": "Scanner", "is_consumable": false}}, {"model": "catalog.category", "pk": 6, "fields": {"name": "Biometric Device", "is_consumable": false}}, {"model": "catalog.category", "pk": 7, "fields": {"name": "Furniture", "is_consumable": false}}, {"model": "catalog.category", "pk": 8, "fields": {"name": "Networking Equipment", "is_consumable": false}}, {"model": "catalog.category", "pk": 9, "fields": {"name": "UPS/Inverter", "is_consumable": false}}, {"model": "catalog.category", "pk": 10, "fields": {"name": "Server/Storage", "is_consumable": false}}, {"model": "catalog.category", "pk": 11, "fields": {"name": "CCTV/Access Device", "is_consumable": false}}, {"model": "catalog.category", "pk": 12, "fields": {"name": "Registration Forms", "is_consumable": true}}, {"model": "catalog.category", "pk": 13, "fields": {"name": "Stationery", "is_consumable": true}}, {"model": "catalog.category", "pk": 14, "fields": {"name": "Toner/Ink", "is_consumable": true}}, {"model": "catalog.category", "pk": 15, "fields": {"name": "Printer Ribbon", "is_consumable": true}}, {"model": "catalog.category", "pk": 16, "fields": {"name": "Batteries", "is_consumable": true}}, {"model": "catalog.category", "pk": 17, "fields": {"name": "Cables/Connectors", "is_consumable": true}}, {"model": "catalog.category", "pk": 18, "fields": {"name": "Cleaning/Repair Consumables", "is_consumable": true}}, {"model": "catalog.category", "pk": 19, "fields": {"name": "ID Card Consumables", "is_consumable": true}}, {"model": "catalog.customfielddefinition", "pk": 1, "fields": {"category": 2, "label": "RAM", "field_type": "SELECT", "required": true, "is_unique": false, "select_options": ["8GB", "16GB", "32GB"]}}, {"model": "catalog.customfielddefinition", "pk": 2, "fields": {"category": 2, "label": "Processor", "field_type": "TEXT", "required": true, "is_unique": false, "select_options": []}}, {"model": "catalog.customfielddefinition", "pk": 3, "fields": {"category": 2, "label": "Storage", "field_type": "SELECT", "required": true, "is_unique": false, "select_options": ["256GB SSD", "512GB SSD", "1TB SSD"]}}, {"model": "catalog.customfielddefinition", "pk": 4, "fields": {"category": 4, "label": "Model", "field_type": "TEXT", "required": true, "is_unique": false, "select_options": []}}, {"model": "catalog.customfielddefinition", "pk": 5, "fields": {"category": 4, "label": "Ink Type", "field_type": "SELECT", "required": true, "is_unique": false, "select_options": ["Inkjet", "Laser Toner"]}}, {"model": "catalog.customfielddefinition", "pk": 6, "fields": {"category": 6, "label": "Vendor", "field_type": "TEXT", "required": true, "is_unique": false, "select_options": []}}, {"model": "catalog.customfielddefinition", "pk": 7, "fields": {"category": 12, "label": "Form Type", "field_type": "SELECT", "required": true, "is_unique": false, "select_options": ["Birth", "Death", "Marriage"]}}, {"model": "catalog.customfielddefinition", "pk": 8, "fields": {"category": 13, "label": "Unit", "field_type": "TEXT", "required": true, "is_unique": false, "select_options": []}}, {"model": "catalog.customfielddefinition", "pk": 9, "fields": {"category": 14, "label": "Color", "field_type": "SELECT", "required": false, "is_unique": false, "select_options": ["Black", "Cyan", "Magenta", "Yellow"]}}, {"model": "inventory.inventoryitem", "pk": 1, "fields": {"category": 2, "office": 6, "title": "Dell Latitude 5440", "item_number": "FA-0001", "item_type": "FIXED_ASSET", "status": "ACTIVE", "image": "", "amount": "120000.00", "price": "120000.00", "currency": "NPR", "store": "", "project": "", "department": "Registration", "manufacturer": "Dell", "purchased_date": "2025-07-20", "pi_document": "", "warranty_document": "", "description": "", "dynamic_data": {"RAM": "16GB", "Processor": "Intel i7", "Storage": "512GB SSD"}, "created_at": "2026-02-26T06:27:06.772Z", "updated_at": "2026-02-26T06:27:06.773Z"}}, {"model": "inventory.inventoryitem", "pk": 2, "fields": {"category": 4, "office": 4, "title": "HP LaserJet Pro", "item_number": "FA-0002", "item_type": "FIXED_ASSET", "status": "ACTIVE", "image": "", "amount": "45000.00", "price": "45000.00", "currency": "NPR", "store": "", "project": "", "department": "Office Operations", "manufacturer": "HP", "purchased_date": "2025-08-10", "pi_document": "", "warranty_document": "", "description": "", "dynamic_data": {"Model": "M404dn", "Ink Type": "Laser Toner"}, "created_at": "2026-02-26T06:27:06.779Z", "updated_at": "2026-02-26T06:27:06.780Z"}}, {"model": "inventory.inventoryitem", "pk": 3, "fields": {"category": 12, "office": 6, "title": "Citizen Registration Form", "item_number": "CON-0001", "item_type": "CONSUMABLE", "status": "ACTIVE", "image": "", "amount": "10000.00", "price": "10.00", "currency": "NPR", "store": "", "project": "", "department": "Registration", "manufacturer": "Govt Printing Press", "purchased_date": "2025-07-25", "pi_document": "", "warranty_document": "", "description": "", "dynamic_data": {"Form Type": "Birth"}, "created_at": "2026-02-26T06:27:06.784Z", "updated_at": "2026-02-26T06:27:06.784Z"}}, {"model": "inventory.inventoryitem", "pk": 4, "fields": {"category": 13, "office": 4, "title": "A4 Office Paper", "item_number": "CON-0002", "item_type": "CONSUMABLE", "status": "ACTIVE", "image": "", "amount": "15000.00", "price": "500.00", "currency": "NPR", "store": "", "project": "", "department": "Admin", "manufacturer": "Nepal Paper Co", "purchased_date": "2025-09-01", "pi_document": "", "warranty_document": "", "description": "", "dynamic_data": {"Unit": "ream"}, "created_at": "2026-02-26T06:27:06.790Z", "updated_at": "2026-02-26T06:27:06.790Z"}}, {"model": "inventory.inventoryitem", "pk": 5, "fields": {"category": 2, "office": 1, "title": "HP pavelion", "item_number": "co-i9", "item_type": "FIXED_ASSET", "status": "ACTIVE", "image": "", "amount": "3.00", "price": "98000.00", "currency": "NPR", "store": "", "project": "", "department": "", "manufacturer": "HP", "purchased_date": null, "pi_document": "", "warranty_document": "", "description": "", "dynamic_data": {"RAM": "16GB", "Processor": "Intel i7", "Storage": "512GB SSD"}, "created_at": "2026-02-26T06:41:57.804Z", "updated_at": "2026-02-26T06:43:38.265Z"}}, {"model": "inventory.fixedasset", "pk": 1, "fields": {"item": 1, "asset_tag": "LAP-W1-0001", "serial_number": "SN-LAP-0001", "purchase_date": "2025-07-20", "warranty_expiry_date": "2028-07-20", "invoice_file": ""}}, {"model": "inventory.fixedasset", "pk": 2, "fields": {"item": 2, "asset_tag": "PRN-L1-0001", "serial_number": "SN-PRN-0001", "purchase_date": "2025-08-10", "warranty_expiry_date": "2027-08-10", "invoice_file": ""}}, {"model": "inventory.consumablestock", "pk": 1, "fields": {"item": 3, "initial_quantity": "1000.00", "quantity": "920.00", "min_threshold": "200.00", "reorder_alert_enabled": true, "unit": "pcs"}}, {"model": "inventory.consumablestock", "pk": 2, "fields": {"item": 4, "initial_quantity": "100.00", "quantity": "60.00", "min_threshold": "20.00", "reorder_alert_enabled": true, "unit": "ream"}}, {"model": "users.user", "fields": {"password": "pbkdf2_sha256$1200000$bGNMyIuQHHy6gWhnVlM3GV$dLxtC09kO5Ouy9ExSoafdcCP1qNZxQ5bydOSOd4sma4=", "last_login": "2026-02-27T08:26:18.088Z", "is_superuser": true, "username": "sagar", "first_name": "", "last_name": "", "email": "sagar@gmail.com", "is_staff": true, "is_active": true, "date_joined": "2026-02-25T18:41:06.338Z", "full_name_nepali": null, "role": null, "office": null, "groups": [], "user_permissions": []}}, {"model": "users.user", "fields": {"password": "pbkdf2_sha256$1200000$0EGUiw9Vb9Ix4UbiIiKOPd$Gw5DzJ255QZa8+uEymejAdbEgwLJyKNq4Neg4ChqB1U=", "last_login": null, "is_superuser": false, "username": "superadmin", "first_name": "Superadmin", "last_name": "", "email": "superadmin@ims.local", "is_staff": true, "is_active": true, "date_joined": "2026-02-26T06:26:48.447Z", "full_name_nepali": null, "role": "SUPER_ADMIN", "office": 1, "groups": [], "user_permissions": []}}, {"model": "users.user", "fields": {"password": "pbkdf2_sha256$1200000$H1xlm2QvSVUIug5NrxGB5F$14turiuSnq+3qwttyyjv/ZszCQITNZTn9aQR4Fql6vI=", "last_login": null, "is_superuser": false, "username": "central_admin", "first_name": "Central Admin", "last_name": "", "email": "central_admin@ims.local", "is_staff": true, "is_active": true, "date_joined": "2026-02-26T06:26:50.665Z", "full_name_nepali": null, "role": "CENTRAL_ADMIN", "office": 1, "groups": [], "user_permissions": []}}, {"model": "users.user", "fields": {"password": "pbkdf2_sha256$1200000$0UEneGklrnJ6NwvCavmh5E$p4a82ZGY1bLWAdlQVR9/DCqVYHURpcjMUTbxrZKet6g=", "last_login": null, "is_superuser": false, "username": "store_keeper", "first_name": "Store Keeper", "last_name": "", "email": "store_keeper@ims.local", "is_staff": false, "is_active": true, "date_joined": "2026-02-26T06:26:53.307Z", "full_name_nepali": null, "role": "CENTRAL_PROCUREMENT_STORE", "office": 1, "groups": [], "user_permissions": []}}, {"model": "users.user", "fields": {"password": "pbkdf2_sha256$1200000$1tty8jeqy5PXQTRxi5tClD$XVAspJZHBfqUXSgTW+bJeLaorbujvxIFc91UZJcxznQ=", "last_login": null, "is_superuser": false, "username": "prov_admin_p1", "first_name": "Prov Admin P1", "last_name": "", "email": "prov_admin_p1@ims.local", "is_staff": false, "is_active": true, "date_joined": "2026-02-26T06:26:55.591Z", "full_name_nepali": null, "role": "PROVINCIAL_ADMIN", "office": 2, "groups": [], "user_permissions": []}}, {"model": "users.user", "fields": {"password": "pbkdf2_sha256$1200000$YJoIiHnm50zTGE1V5XhfG1$0+uEh4yK9Q8nwWWqPrFPUyoVnRhPzOGtv3Sg7rmFsOA=", "last_login": null, "is_superuser": false, "username": "local_admin_ktm", "first_name": "Local Admin Ktm", "last_name": "", "email": "local_admin_ktm@ims.local", "is_staff": false, "is_active": true, "date_joined": "2026-02-26T06:26:57.778Z", "full_name_nepali": null, "role": "LOCAL_ADMIN", "office": 4, "groups": [], "user_permissions": []}}, {"model": "users.user", "fields": {"password": "pbkdf2_sha256$1200000$w9kVUonbpsOF97SG6yA49u$VT2S5yRObLWsAAc9+Z6HjtVbf3TMAiVgMm+XI8VF8XE=", "last_login": null, "is_superuser": false, "username": "ward_officer_1", "first_name": "Ward Officer 1", "last_name": "", "email": "ward_officer_1@ims.local", "is_staff": false, "is_active": true, "date_joined": "2026-02-26T06:26:59.934Z", "full_name_nepali": null, "role": "WARD_OFFICER", "office": 6, "groups": [], "user_permissions": []}}, {"model": "users.user", "fields": {"password": "pbkdf2_sha256$1200000$JwWMzis4skVYnfgIe8mzkv$BDN/87AyBUbXE/cLlWCguE7qTFijwrjfAvqyJdkfMnA=", "last_login": null, "is_superuser": false, "username": "finance_user", "first_name": "Finance User", "last_name": "", "email": "finance_user@ims.local", "is_staff": false, "is_active": true, "date_joined": "2026-02-26T06:27:02.166Z", "full_name_nepali": null, "role": "FINANCE", "office": 1, "groups": [], "user_permissions": []}}, {"model": "users.user", "fields": {"password": "pbkdf2_sha256$1200000$4eJUT8YcSwRR1PzqxXkPXd$bHrxvpuCNUc0RmjiQz8VO5jbMEAxI+4BC3JCsZk6MXk=", "last_login": null, "is_superuser": false, "username": "audit_user", "first_name": "Audit User", "last_name": "", "email": "audit_user@ims.local", "is_staff": false, "is_active": true, "date_joined": "2026-02-26T06:27:04.539Z", "full_name_nepali": null, "role": "AUDIT", "office": 1, "groups": [], "user_permissions": []}}, {"model": "admin.logentry", "pk": 1, "fields": {"action_time": "2026-02-26T06:41:57.824Z", "user": ["sagar"], "content_type": ["inventory", "inventoryitem"], "object_id": "5", "object_repr": "HP pavelion @ DoNIDCR Central Office (CENTRAL)", "action_flag": 1, "change_message": "[{\"added\": {}}]"}}, {"model": "admin.logentry", "pk": 2, "fields": {"action_time": "2026-02-26T06:43:38.272Z", "user": ["sagar"], "content_type": ["inventory", "inventoryitem"], "object_id": "5", "object_repr": "HP pavelion @ DoNIDCR Central Office (CENTRAL)", "action_flag": 2, "change_message": "[{\"changed\": {\"fields\": [\"Manufacturer\", \"Dynamic data\"]}}]"}}, {"model": "inventory.consumablestocktransaction", "pk": 1, "fields": {"stock": 1, "transaction_type": "STOCK_IN", "quantity": "1000.00", "balance_after": "1000.00", "status": "COMPLETED", "amount": "10000.00", "assigned_to": null, "department": "Central Store", "description": "PRD seed opening stock adjustment", "image": "", "performed_by": ["store_keeper"], "created_at": "2026-02-26T06:27:06.804Z"}}, {"model": "inventory.consumablestocktransaction", "pk": 2, "fields": {"stock": 1, "transaction_type": "STOCK_OUT", "quantity": "80.00", "balance_after": "920.00", "status": "COMPLETED", "amount": "800.00", "assigned_to": ["ward_officer_1"], "department": "Ward Services", "description": "PRD seed issued to ward office", "image": "", "performed_by": ["store_keeper"], "created_at": "2026-02-26T06:27:06.807Z"}}, {"model": "actions.itemassignment", "pk": 1, "fields": {"item": 1, "assigned_to_user": ["ward_officer_1"], "assigned_to_office": null, "assigned_by": ["store_keeper"], "handover_date": "2025-08-01", "assign_till": "2026-08-01", "handover_condition": "GOOD", "handover_letter": "", "status": "ASSIGNED", "returned_at": null, "return_condition": null, "damage_photo": "", "remarks": "PRD seed: assigned laptop to ward officer", "created_at": "2026-02-26T06:27:06.794Z"}}, {"model": "actions.itemassignment", "pk": 2, "fields": {"item": 2, "assigned_to_user": null, "assigned_to_office": 4, "assigned_by": ["store_keeper"], "handover_date": "2025-08-12", "assign_till": "2025-12-31", "handover_condition": "GOOD", "handover_letter": "", "status": "RETURNED", "returned_at": "2025-12-20T10:30:00Z", "return_condition": "GOOD", "damage_photo": "", "remarks": "PRD seed: printer returned in good condition", "created_at": "2026-02-26T06:27:06.799Z"}}, {"model": "audit.inventoryauditlog", "pk": 1, "fields": {"item": 1, "action_type": "CREATE", "performed_by": ["store_keeper"], "before_data": {}, "after_data": {"item_number": "FA-0001", "title": "Dell Latitude 5440", "status": "ACTIVE", "item_type": "FIXED_ASSET"}, "remarks": "PRD seed: created FA-0001", "attachment": "", "created_at": "2026-02-26T06:27:06.809Z"}}, {"model": "audit.inventoryauditlog", "pk": 2, "fields": {"item": 2, "action_type": "CREATE", "performed_by": ["store_keeper"], "before_data": {}, "after_data": {"item_number": "FA-0002", "title": "HP LaserJet Pro", "status": "ACTIVE", "item_type": "FIXED_ASSET"}, "remarks": "PRD seed: created FA-0002", "attachment": "", "created_at": "2026-02-26T06:27:06.812Z"}}, {"model": "audit.inventoryauditlog", "pk": 3, "fields": {"item": 3, "action_type": "CREATE", "performed_by": ["store_keeper"], "before_data": {}, "after_data": {"item_number": "CON-0001", "title": "Citizen Registration Form", "status": "ACTIVE", "item_type": "CONSUMABLE"}, "remarks": "PRD seed: created CON-0001", "attachment": "", "created_at": "2026-02-26T06:27:06.815Z"}}, {"model": "audit.inventoryauditlog", "pk": 4, "fields": {"item": 4, "action_type": "CREATE", "performed_by": ["store_keeper"], "before_data": {}, "after_data": {"item_number": "CON-0002", "title": "A4 Office Paper", "status": "ACTIVE", "item_type": "CONSUMABLE"}, "remarks": "PRD seed: created CON-0002", "attachment": "", "created_at": "2026-02-26T06:27:06.817Z"}}, {"model": "audit.inventoryauditlog", "pk": 5, "fields": {"item": 1, "action_type": "ASSIGN", "performed_by": ["store_keeper"], "before_data": {}, "after_data": {"status": "ASSIGNED"}, "remarks": "PRD seed: assignment recorded", "attachment": "", "created_at": "2026-02-26T06:27:06.819Z"}}, {"model": "audit.inventoryauditlog", "pk": 6, "fields": {"item": 2, "action_type": "RETURN", "performed_by": ["store_keeper"], "before_data": {}, "after_data": {"status": "RETURNED"}, "remarks": "PRD seed: return recorded", "attachment": "", "created_at": "2026-02-26T06:27:06.821Z"}}]
